layer,neurons,signature,support,label,train_coverage,train_precision,train_recall,test_coverage,test_precision,test_recall,kind
1,"[3, 2, 11]","[0, 0, 1]",1,1000,0.16286644951140067,100,0.6993006993006993,0.0,0.0,0.0,incorrect
1,"[3, 8]","[1, 0]",3,0,0.4885993485342019,100,0.6369426751592357,0.6493506493506493,0.0,0.0,correct
1,"[3, 2, 11, 5, 4]","[0, 1, 1, 1, 0]",2,0,0.32573289902280134,100,0.42462845010615713,0.0,0.0,0.0,correct
1,"[3, 2, 11, 8]","[0, 1, 0, 0]",1,0,0.16286644951140067,100,0.21231422505307856,0.0,0.0,0.0,correct
