layer,neurons,signature,support,label,train_coverage,train_precision,train_recall,train_f1,test_coverage,test_precision,test_recall,test_f1,f1,kind
2,"[4, 6]","[0, 1]",6,0,0.9771986970684038,100,1.2738853503184715,2.5157232704402523,0.6493506493506493,100.0,1.0526315789473684,2.083333333333333,2.2995283018867925,correct
2,"[4, 6, 2]","[0, 0, 1]",3,0,0.4885993485342019,100,0.6369426751592357,1.2658227848101269,0.6493506493506493,0.0,0.0,0.0,0.6329113924050634,correct
