layer,neurons,signature,support,label,train_coverage,train_precision,train_recall,train_f1,test_coverage,test_precision,test_recall,test_f1,f1,kind
2,"[4, 6]","[0, 1]",6,0,0.9771986970684038,100,1.8404907975460123,3.6144578313253013,0.6493506493506493,100.0,1.0526315789473684,2.083333333333333,2.848895582329317,correct
